编码名称,编码定义,来源文件数量,总出现次数,具体语句汇总,涉及文件,被合并的原始编码,代表性评分
同辈竞争压力,个体因感知到周围人持续高强度投入工作或学习，产生被落下或落后的恐惧，从而在休息时感到焦虑和不安,23,24,[文件: sub024.txt] “身边人太卷了！！！感觉自己不做点什么就会焦虑跟不上了。。可恶” | [文件: sub042.txt] “其次是高校的竞争环境，同学们都在努力学习、竞赛、实习，这种氛围让人觉得休息是在浪费时间、落后于他人” | [文件: sub100.txt] “同龄人的内卷” | [文件: sub159.txt] “同辈竞争” | [文件: sub163.txt] “同辈竞争压力” | [文件: sub171.txt] “周围同龄人的不断裹挟和社会的不断内卷导致在休息的时候会有些负罪感，总是担心会有点被别人超越。” | [文件: sub031.txt] “还有同辈压力” | [文件: sub090.txt] “同辈压力” | [文件: sub104.txt] “周围同龄人的努力程度” | [文件: sub111.txt] “同学的努力” | [文件: sub009.txt] “朋友圈晒出的‘今日学习13h’截图、群里随时跳动的‘大佬又发论文’链接” | [文件: sub006.txt] “同辈压力……都会要求自己努力工作，不要懈怠” | [文件: sub014.txt] “向外比较的过程中生成过多的压力” | [文件: sub017.txt] 看到同龄人或同事不断产出成果，容易产生“我不够努力”的心理，从而在休息时感到内疚。 | [文件: sub032.txt] “自发的与周围同学进行比较，给自己施加压力” | [文件: sub037.txt] “社会因素，同龄人过度内卷” | [文件: sub055.txt] “如果二者各方面水平比不多，就会产生攀比心理，比如一人在工作，一人在休息，后者就可能会产生休息焦虑。” | [文件: sub080.txt] “身边同龄人给的压力” | [文件: sub112.txt] “日益激烈的就业环境、考研保研环境” | [文件: sub121.txt] “附近人都在学，身边人都取得了优异成绩，促使自己学习，不能休息，也不敢休息。” | [文件: sub128.txt] “一旦落后于他人，在竞争中就可能会失去优势，进而投射到现在的处境进而感到焦虑” | [文件: sub134.txt] “当今时代学生的整体素质提高，学习竞争力更大，面对社会就业的难题，我们不得不开始‘内卷’，让自己在同龄人中脱颖而出。” | [文件: sub158.txt] “经常与同层次的人比较自己的不足，害怕落后与同层次的人”,"sub006.txt, sub009.txt, sub014.txt, sub017.txt, sub024.txt, sub031.txt, sub032.txt, sub037.txt, sub042.txt, sub055.txt, sub080.txt, sub090.txt, sub100.txt, sub104.txt, sub111.txt, sub112.txt, sub121.txt, sub128.txt, sub134.txt, sub158.txt, sub159.txt, sub163.txt, sub171.txt",同辈竞争压力; 同辈压力; 同辈努力压力; 同辈学业表现的可见性压力; 同辈竞争带来的自我约束; 同伴比较压力; 同辈产出压力; 与同辈自发比较产生的压力; 同辈竞争压力下的行为参照; 同侪水平相近时的攀比压力; 同辈压力驱动的自我监控; 竞争性社会环境压力; 同辈学业成就压力; 竞争劣势引发的焦虑投射; 同辈竞争压力加剧; 同辈竞争焦虑,0.8835407495498657
自我要求过高,个体对自身设定严苛标准，认为只有持续产出才有价值，休息被视为懈怠或失败的表现，从而引发羞耻感,14,14,[文件: sub008.txt] “自身对自身的要求比较高” | [文件: sub119.txt] “自己对自己有高要求” | [文件: sub130.txt] “对自己的要求吧” | [文件: sub162.txt] “对自己要求比较高但又难以做到想象中的自律” | [文件: sub003.txt] “可能比较要强的人，对自己要求比较高的人会出现这种情况” | [文件: sub040.txt] “对自己有更高的期望” | [文件: sub050.txt] “完美主义倾向” | [文件: sub060.txt] “我对自己的过高期待” | [文件: sub062.txt] “从个人角度来看，就是对自我的要求太严苛了” | [文件: sub069.txt] “人们对自己的要求过高……也会造成休息羞耻现象。” | [文件: sub074.txt] “我觉得是我自己给自己设定的目标太高” | [文件: sub091.txt] “性格比较容易内耗，对自我要求高，有点强迫症和完美主义，希望自己变成比较完美的人” | [文件: sub108.txt] “对自身的高标准” | [文件: sub109.txt] “社会也许对我不是刚需，但我对自己的要求，会认为努力后才能够着的位置耗费了自己大半勇气”,"sub003.txt, sub008.txt, sub040.txt, sub050.txt, sub060.txt, sub062.txt, sub069.txt, sub074.txt, sub091.txt, sub108.txt, sub109.txt, sub119.txt, sub130.txt, sub162.txt",自我要求过高; 高自我要求倾向; 自我期望过高; 完美主义驱动的自我要求; 自我成就标准过高; 自我要求严苛; 过高的自我要求; 过高自我目标设定; 高自我要求与完美主义倾向; 自我高标准要求; 自我设定的高成就标准,0.8850801587104797
优绩主义内化,个体将社会对成就和效率的推崇内化为自我价值标准，认为只有持续产出才值得被认可，从而在休息时产生自我否定,5,5,[文件: sub012.txt] “优绩主义” | [文件: sub036.txt] “从小的教育总是会告诉我们要好好利用时间，以及优绩主义对我的影响，让我不自觉和他人比较，觉得休息可耻” | [文件: sub052.txt] “感觉像优绩主义根深蒂固” | [文件: sub070.txt] “过强的成就动机，渴望他人的认可的需求对自己价值感的肯定以及他人的肯定以及优绩主义的影响” | [文件: sub005.txt] “社会倡导着所谓的优绩主义，从小就参加各种补习班，父母以及社会灌输着一定要非常努力取得好成绩才能出人头地的观念，加上同辈之间也是如此，慢慢接受，长大以后这种痕迹依然遗留”,"sub005.txt, sub012.txt, sub036.txt, sub052.txt, sub070.txt",优绩主义内化; 优绩主义文化内化,0.9209228754043579
竞争性环境压力,个体因感知到周围同伴普遍处于高强度努力状态，而将休息视为落后或退步，从而产生羞耻感,13,14,[文件: sub033.txt] “其他的同学都太卷了，大环境也太卷了，感觉不去干点什么有意义的事情就是在退步。” | [文件: sub048.txt] “大环境太卷了，自己一旦休息下来就害怕别人超过自己” | [文件: sub082.txt] “环境氛围（周围人的攀比心强度、周围人的工作时间强度）” | [文件: sub106.txt] “就是你身边大家都在卷啊” | [文件: sub045.txt] “我觉得主要是现在太内卷了吧，然后名额比较少，然后大家需要追逐的东西很多。” | [文件: sub061.txt] “当今社会资源少，不得不陷入内卷” | [文件: sub021.txt] “我觉得休息羞耻的出现，首先是社会‘卷’得太凶了。大家都在比谁更努力、谁成果更多，休息就像个异类，仿佛一休息就会被甩在后面。”<br>“就拿我们学校来说，图书馆永远有人在刷题、做实验，要是你在宿舍躺平刷剧，心里就会犯嘀咕，觉得自己在浪费时间，跟同学一比就矮了一截。” | [文件: sub050.txt] “竞争心理” | [文件: sub073.txt] “当代社会的高压竞争环境” | [文件: sub119.txt] “内卷” | [文件: sub138.txt] “社会比较压力” | [文件: sub162.txt] “环境内卷加剧” | [文件: sub170.txt] “看到周围人很努力，就会觉得自己休息有些羞耻”,"sub021.txt, sub033.txt, sub045.txt, sub048.txt, sub050.txt, sub061.txt, sub073.txt, sub082.txt, sub106.txt, sub119.txt, sub138.txt, sub162.txt, sub170.txt",竞争性环境压力; 资源稀缺引发的竞争压力; 竞争性社会氛围; 竞争意识引发的休息压力; 高压竞争的社会环境; 竞争压力感知; 社会比较压力; 环境竞争压力; 竞争性社会氛围感知,0.8705617189407349
自我价值绑定于生产力,个体将自我价值过度依赖于工作成就或产出，认为休息意味着价值降低，从而产生羞耻感,6,6,[文件: sub022.txt] “个人对自我价值的过高要求” | [文件: sub138.txt] “将自我价值与生产力绑定的思维习惯” | [文件: sub163.txt] “个人对自我价值与 productivity 深度绑定的认知” | [文件: sub070.txt] “过强的成就动机，渴望他人的认可的需求对自己价值感的肯定以及他人的肯定以及优绩主义的影响” | [文件: sub139.txt] “自我要求过高，认为只有持续产出才有价值” | [文件: sub159.txt] “自我价值偏差”,"sub022.txt, sub070.txt, sub138.txt, sub139.txt, sub159.txt, sub163.txt",自我价值与生产力绑定; 成就导向的自我价值绑定; 自我价值绑定于持续产出; 自我价值绑定于生产力,0.9213078618049622
社会内卷压力,社会普遍存在的过度竞争环境使个体感到必须持续努力，从而在休息时产生羞耻感,24,24,[文件: sub056.txt] “当今社会内卷严重” | [文件: sub067.txt] “一方面是外在社会环境越来越内卷，让我们产生了只要不时刻努力就会被落下的想法” | [文件: sub094.txt] “当前社会内卷太过严重，让人没有休息的时间，自己休息会觉得内心不安” | [文件: sub072.txt] “我认为是这个社会的内卷风气导致的休息羞耻问题 ，大家都很努力的去工作” | [文件: sub098.txt] “内卷的氛围” | [文件: sub171.txt] “周围同龄人的不断裹挟和社会的不断内卷导致在休息的时候会有些负罪感，总是担心会有点被别人超越。” | [文件: sub092.txt] “社会的主流文化还是内卷，所以我认为会产生休息羞耻” | [文件: sub115.txt] “社会环境要求，人们不断内卷，仿佛不卷就是罪，不卷就会被其他人落下” | [文件: sub150.txt] “当代的学习工作风气就是卷，内卷，总有比你更努力的” | [文件: sub103.txt] “其一是整体社会更趋向于竞争的社会大环境” | [文件: sub141.txt] “现在人的内卷风波” | [文件: sub012.txt] “社会期待” | [文件: sub014.txt] “越来越卷的社会条件” | [文件: sub023.txt] “和内卷的社会现象导致休息休息” | [文件: sub034.txt] “升学就业压力” | [文件: sub068.txt] “社会风气更是内卷” | [文件: sub069.txt] “所处环境压力过大等也会造成休息羞耻现象。” | [文件: sub096.txt] “可能是从小到大的教育，可能是整个氛围的内卷，需要不停地学习。” | [文件: sub114.txt] “大家都在努力向上的大环境” | [文件: sub132.txt] “内卷不断加剧的社会” | [文件: sub144.txt] 无止境的内卷压力氛围与个人内心对放松和宁静的向往渴求之间产生的心理冲突 | [文件: sub145.txt] “当代社会过于内卷，如果你不努力的话，大家都在努力，所以被迫投入忙碌的生活” | [文件: sub151.txt] “自身和外界的压力比较大。” | [文件: sub161.txt] “上大学内卷氛围严重”,"sub012.txt, sub014.txt, sub023.txt, sub034.txt, sub056.txt, sub067.txt, sub068.txt, sub069.txt, sub072.txt, sub092.txt, sub094.txt, sub096.txt, sub098.txt, sub103.txt, sub114.txt, sub115.txt, sub132.txt, sub141.txt, sub144.txt, sub145.txt, sub150.txt, sub151.txt, sub161.txt, sub171.txt",社会内卷压力; 社会内卷氛围; 内卷文化压力; 社会竞争氛围加剧; 社会期待压力; 社会竞争加剧; 内卷化社会压力; 升学与就业竞争压力; 社会整体内卷风气; 环境压力过大; 社会内卷氛围压力; 社会整体奋进氛围的压力; 社会竞争环境强化; 内卷环境与休息渴望的冲突; 群体性内卷压力; 内外压力叠加; 教育环境内卷氛围,0.8823955655097961
对落后的恐惧,个体担心休息会导致在学业、工作或竞争中被他人超越，因害怕掉队而无法安心休息,5,6,[文件: sub084.txt] “对‘落后’的恐惧” | [文件: sub119.txt] “害怕被别人超过的痛苦，对落后别人的恐惧” | [文件: sub050.txt] “不甘屈于人下的自我追求” | [文件: sub146.txt] “自己懒又怕被别人超过” | [文件: sub159.txt] “错失恐惧”,"sub050.txt, sub084.txt, sub119.txt, sub146.txt, sub159.txt",对落后的恐惧; 对落后于他人的恐惧; 担忧被他人超越; 错失恐惧驱动,0.8605815768241882
自我归因为懒惰,个体将休息视为懒惰的表现，并因自身缺乏行动而产生羞耻与焦虑,2,2,[文件: sub007.txt] “我认为是能是自己的懒惰造成了休息羞耻，由于自己的不行动才会使自己焦虑。” | [文件: sub027.txt] “我的懒惰，我总是不能提起勇气，不能坚持，开始我的学习，于是恶性循环。”,"sub007.txt, sub027.txt",自我归因为懒惰,1.0
自我效能感低下,个体因缺乏对自身能力的信心，在休息时产生“我不配休息”或“休息会让我落后”的想法，从而引发羞耻感,8,8,[文件: sub010.txt] “自身能力不足” | [文件: sub052.txt] “更多的也是对自己能力的不自信” | [文件: sub011.txt] “对个人能力的不满意” | [文件: sub026.txt] “对自己能力的不信任” | [文件: sub074.txt] “对自己不够自信，让我在休息的时候会感到羞耻” | [文件: sub078.txt] “对自己的不自信” | [文件: sub129.txt] “可能是因为自己的不自信” | [文件: sub132.txt] “对自己的不自信”,"sub010.txt, sub011.txt, sub026.txt, sub052.txt, sub074.txt, sub078.txt, sub129.txt, sub132.txt",自我能力怀疑; 自我能力不足感; 能力自我怀疑; 自我效能感不足; 自我效能怀疑; 自我价值感不足; 自我效能感低下,0.8935208916664124
未来不确定性焦虑,对未来缺乏明确预期引发不安，使个体认为此时休息是不负责任或不合时宜的,8,8,[文件: sub031.txt] “对未来的焦虑等” | [文件: sub032.txt] “对未来的不确定性” | [文件: sub078.txt] “对未来的不肯定” | [文件: sub129.txt] “也有对未来的恐惧和迷茫” | [文件: sub001.txt] “未来的不确定性导致的焦虑，对于自己的生活失去了控制感，以至于知道自己如果休息了的话，之后可能事情会走向更不好的发展。” | [文件: sub086.txt] “对未来的未知” | [文件: sub103.txt] “大家对于未来就业的焦虑” | [文件: sub165.txt] 对自我定位的迷茫与对未来的迷茫，反映到当下就是对于休息的焦虑,"sub001.txt, sub031.txt, sub032.txt, sub078.txt, sub086.txt, sub103.txt, sub129.txt, sub165.txt",未来不确定性引发的焦虑; 未来不确定性焦虑; 对失控后果的担忧; 对未来不确定性的焦虑; 就业前景焦虑; 未来方向不明引发的休息焦虑,0.9065658450126648
拖延引发的休息负罪感,因主动回避任务而选择休息，导致休息被感知为逃避责任，从而引发焦虑与自责,2,2,[文件: sub035.txt] “做事拖延，宁愿休息也不远主动利用时间去做，所以会焦虑” | [文件: sub126.txt] “加上自己的拖延症”,"sub035.txt, sub126.txt",拖延引发的休息负罪感,1.0
同辈学业比较,在休息时将自身状态与同学进行对比，因感知他人仍在努力而觉得自己不应休息，引发不适感,4,4,[文件: sub040.txt] “将自己与同学的比较” | [文件: sub130.txt] “同龄人的学习情况、学习成绩以及学习节奏” | [文件: sub010.txt] “总爱跟同学横向对比，而不是先寻找自己进步的方式” | [文件: sub013.txt] “自己希望能将学习、科研等做得更好，并且旁边人学习都十分努力。我认为最主要的是目前就业环境不好，我会担心不努力学习以后无法找到一份理想的工作”,"sub010.txt, sub013.txt, sub040.txt, sub130.txt",同辈学业比较; 同辈横向比较压力; 同辈努力氛围引发的自我对照,0.866504430770874
恐惧落后于他人,个体在他人工作时休息，因担心自身进度或成就被超越而产生羞耻感,3,3,[文件: sub092.txt] “在别人的工作时，我们就会产生会落后于他人的恐惧” | [文件: sub153.txt] “害怕被别人落下，害怕放松的时候会被超过” | [文件: sub139.txt] “学生和职场人面临学业、工作竞争压力，担心休息会落后于他人”,"sub092.txt, sub139.txt, sub153.txt",恐惧落后于他人; 对落后于他人的担忧,0.8810703158378601
努力至上价值观的内化,社会普遍推崇“努力至上”的价值取向，使个体将休息等同于懒惰，从而产生羞耻感,3,3,[文件: sub135.txt] “从社会环境看，‘努力至上’的价值观盛行，大家都在卷成绩、卷竞赛，让我们觉得休息就是偷懒” | [文件: sub139.txt] “从社会环境看，‘努力至上’的价值观盛行，人们将忙碌与成功、价值画等号，休息被视为懒惰” | [文件: sub051.txt] “整个东亚社会文化对努力第一、休息可耻的认识”,"sub051.txt, sub135.txt, sub139.txt",努力至上价值观的内化; 努力至上文化规范,0.8661763668060303
未完成任务引发的焦虑,个体因存在尚未完成的任务而产生焦虑感，认为只有完成任务后才能安心休息，从而在休息时感到不适或羞耻,7,7,[文件: sub151.txt] “有事没弄完，弄完了就不焦虑了。” | [文件: sub169.txt] “休息时会触发一种‘未完成任务’的焦虑感，会不由自主地想起未完成的学习任务” | [文件: sub050.txt] “焦虑” | [文件: sub059.txt] “疲惫但需要干的事情还有很多，自己能量透支太多需要补充，但需要干的事情还有很多。” | [文件: sub101.txt] 对于完不成任务或达不成既定目标的恐惧与担忧 | [文件: sub102.txt] “有一种可能是自己本该完成的事情还没有完成” | [文件: sub108.txt] “学习任务没完成”,"sub050.txt, sub059.txt, sub101.txt, sub102.txt, sub108.txt, sub151.txt, sub169.txt",未完成任务引发的焦虑; 对未完成事务的持续担忧; 未完成任务压力; 对未完成任务的恐惧; 未完成任务的压力; 未完成任务焦虑,0.8960508108139038
虚拟空间中的持续绩效监控,数字媒介（如宿舍灯光、群聊、社交媒体）使他人的努力状态高度可见，形成无处不在的隐性监督环境，个体在其中难以合理化自身休息行为,1,3,[文件: sub009.txt] “凌晨两点的台灯、朋友圈晒出的‘今日学习13h’截图、群里随时跳动的‘大佬又发论文’链接，都在提醒我”,sub009.txt,虚拟空间中的持续绩效监控,1.0
休息与懒惰的道德绑定,个体在成长过程中被灌输“休息等于不务正业”的价值判断，将休息道德化为懒惰或错误行为，导致休息时产生内疚。,1,2,[文件: sub021.txt] “然后是从小到大的教育影响，爸妈和老师总说‘少壮不努力，老大徒伤悲’，把休息和不务正业划等号。”<br>“我小时候只要一闲下来，我妈就会问‘作业写完了吗？书看了吗？’，时间长了，一休息就觉得愧疚，好像只有一直学习、一直做事才是对的。”,sub021.txt,休息与懒惰的道德绑定,1.0
对他人努力的想象性监控,个体在休息时主动想象他人正在努力工作或取得进展，由此产生被超越的焦虑，进而否定自身休息的正当性。,1,2,[文件: sub021.txt] “还有就是自己跟自己较劲，总担心别人在偷偷努力。”<br>“比如我室友在准备竞赛，我要是在玩游戏，就会忍不住想‘她是不是又做出了一个新模型？’，越想越焦虑，觉得自己这时候休息就是在浪费机会，哪怕知道自己已经很累了，也不敢安心歇着。”,sub021.txt,对他人努力的想象性监控,1.0
家庭价值导向强调产出,家庭在成长过程中传递“休息必须产生价值”的观念，使个体将休息与无效、浪费等负面评价关联，从而在无产出时产生羞耻感,1,2,[文件: sub037.txt] “家庭教育”；“应试教育下从小开始就被教育休息时间也应该去‘创造价值’”,sub037.txt,家庭价值导向强调产出,1.0
高强度学业竞争环境,个体所处的教育环境中存在对成绩、综合测评等指标的过度竞争，导致休息被视为落后或懈怠，从而引发羞耻感,10,12,[文件: sub057.txt] “保研竞争”“卷绩点卷综测卷到厌倦” | [文件: sub123.txt] “无法在短时间内取得较好的成绩”“从小到大被传输应该抓紧每一分时间” | [文件: sub018.txt] “一个是从小生长的环境，比如家庭或者学校一直是一种竞争的模式。” | [文件: sub079.txt] “对自己的要求比较高” | [文件: sub109.txt] “升学压力，竞争的人太多，我不努力，有的是比我努力的人。” | [文件: sub126.txt] “对绩点的期盼和对成绩的要求” | [文件: sub143.txt] 高中学习生活比较强调学习成绩，一直向同学们传达一些不算特别健康的理念。 | [文件: sub149.txt] “学业压力……造成了休息羞耻症” | [文件: sub154.txt] “现在的社会升学和就业压力过大” | [文件: sub170.txt] “生活压力大，学业竞争压力大，就业压力大”,"sub018.txt, sub057.txt, sub079.txt, sub109.txt, sub123.txt, sub126.txt, sub143.txt, sub149.txt, sub154.txt, sub170.txt",高强度学业竞争环境; 成绩导向的时间紧迫感; 竞争性成长环境; 高自我学业标准; 高强度学业竞争感知; 高学业成就期待; 学业成绩导向的教育氛围; 学业压力驱动的休息否定; 社会竞争压力内化; 多重结构性压力叠加,0.8720418810844421
外部成就期待压力,来自家庭或社会对个体持续高产出和成功的期待，使个体认为休息是对期待的背离，从而产生羞耻感,4,5,[文件: sub140.txt] “社会压力，家长的期待” | [文件: sub019.txt] “焦虑呗还有啥事，学习，要写论文，要竞赛，要找个好工作，赚钱。” | [文件: sub060.txt] “别人对我的过高期待” | [文件: sub141.txt] “父母的期望”,"sub019.txt, sub060.txt, sub140.txt, sub141.txt",外部成就期待压力; 未来成就压力; 外部高期待压力; 家庭成就期待压力,0.8824217319488525
习惯性忙碌内化,个体因长期处于忙碌状态，将高强度活动视为常态，导致休息时产生异常感与不适，进而引发羞耻体验,2,2,[文件: sub002.txt] “我感觉自己像一个永动机哈哈，就是从小到大习惯这种忙碌的状态了，所以一休息反而觉得很奇怪、非常奇怪，浑身不舒服，这种不舒服感也造成了一定的羞耻，就好像我在偷懒、无所事事一样。” | [文件: sub164.txt] “我觉得可能是我的愧疚心吧，不是很适应自己从很忙碌的时候脱出来”,"sub002.txt, sub164.txt",习惯性忙碌内化; 忙碌脱离不适感,0.8573698401451111
学历身份压力,高学历身份被赋予更高的社会期待或自我期待，导致个体在休息时感到与身份不符而产生羞耻感,1,1,[文件: sub003.txt] “可能学历越高，这种情况越明显”,sub003.txt,学历身份压力,1.0
内卷环境感知,个体感知到所处环境中普遍存在过度竞争和无效努力，认为休息意味着落后，从而对休息产生负面情绪,1,1,[文件: sub003.txt] “我认为这是一种内卷的现象”,sub003.txt,内卷环境感知,1.0
社会对持续奋斗的推崇,社会文化强调唯有不断努力才能获得成功与理想生活，使个体将休息视为对主流价值的背离，从而产生羞耻感,5,5,[文件: sub004.txt] “我觉得是因为压力太大，社会驱动我们不断前进，才能取得我们想要的金钱地位与美好的生活” | [文件: sub006.txt] “社会背景……都会要求自己努力工作，不要懈怠” | [文件: sub022.txt] “社会文化对‘持续产出’的推崇” | [文件: sub076.txt] 社会过度推崇“奋斗文化”，将休息等同于懒惰。这种价值观内化后，使人一休息就产生虚度光阴的负罪感，即休息羞耻。 | [文件: sub090.txt] “社会环境推崇的‘进取’”,"sub004.txt, sub006.txt, sub022.txt, sub076.txt, sub090.txt",社会对持续奋斗的推崇; 社会对勤奋的推崇; 社会对持续产出的推崇; 奋斗文化内化; 社会推崇进取文化,0.8753976225852966
学术评价体系的压力,学术环境以产出和效率为核心评价标准，导致个体认为休息会落后或不符合规范,1,1,[文件: sub006.txt] “学术体系……都会要求自己努力工作，不要懈怠”,sub006.txt,学术评价体系的压力,1.0
家庭对成就的高期待,原生家庭强调努力和成就，使个体内化“不可松懈”的信念，休息被视为辜负家庭期望,1,1,[文件: sub006.txt] “原生家庭……都会要求自己努力工作，不要懈怠”,sub006.txt,家庭对成就的高期待,1.0
内在成就动机过强,个体自身对高效和产出有强烈需求，将休息视为对自我要求的背离,7,7,[文件: sub006.txt] “自身需求……都会要求自己努力工作，不要懈怠” | [文件: sub011.txt] “需要更多时间充实自己” | [文件: sub056.txt] “自己的成就动机……又很多” | [文件: sub104.txt] “自己的上进心” | [文件: sub111.txt] “自我的催促” | [文件: sub128.txt] “个人原因就是一个比较争强好胜的人，所以才放松不下来” | [文件: sub166.txt] “不够用功，焦虑过度。”,"sub006.txt, sub011.txt, sub056.txt, sub104.txt, sub111.txt, sub128.txt, sub166.txt",内在成就动机过强; 自我提升紧迫感; 成就动机驱动; 内在成就驱力; 内在自我驱策; 争强好胜的个性倾向; 自我努力不足感,0.8731005787849426
高强度工作任务压力,个体因承担过重的工作任务而感到无法安心休息，认为休息会耽误工作进度，从而产生羞耻或内疚感,3,3,[文件: sub008.txt] “可能是工作任务繁重” | [文件: sub014.txt] “不断堆积的工作” | [文件: sub040.txt] “学业压力”,"sub008.txt, sub014.txt, sub040.txt",高强度工作任务压力; 工作积压压力; 学业任务压力,0.8647102117538452
社会规训内化,个体将社会对“勤奋”“高效”的规范内化为自我要求，认为休息违背了社会期待，因而对休息产生负面情绪,1,1,[文件: sub008.txt] “社会对人的规训”,sub008.txt,社会规训内化,1.0
休息被建构为退出竞争的象征,个体将休息行为解读为对学业或职业赛道的主动放弃，认为一旦休息即意味着丧失竞争力，因而产生道德化负罪感,1,1,[文件: sub009.txt] “而我若敢合上电脑，就像主动退出赛道”,sub009.txt,休息被建构为退出竞争的象征,1.0
时间利用的道德化认知,将时间必须用于 productive 活动（如学习、工作）视为道德义务，短暂休息（如午睡）因此被体验为对责任的违背，引发内疚,1,1,[文件: sub009.txt] “连午睡二十分钟都带负罪感”,sub009.txt,时间利用的道德化认知,1.0
休息与时间损失的灾难化联想,将短暂休息想象为不可逆的时间浪费，伴随“被远远甩离”的紧迫感，使休息行为与灾难性后果建立心理联结,1,1,[文件: sub009.txt] “仿佛床板下藏着倒计时炸弹，一闭眼就被‘同龄人’远远甩离”,sub009.txt,休息与时间损失的灾难化联想,1.0
任务拖延引发的负罪感,因未能按时完成应尽任务而产生的拖延行为，导致在休息时感到内疚和羞耻,1,1,[文件: sub010.txt] “有拖延症，不能及时完成该做的事”,sub010.txt,任务拖延引发的负罪感,1.0
时间浪费恐惧,个体担忧休息会占用本可用于 productive 活动的时间，将休息等同于浪费，从而引发内疚或焦虑,2,2,[文件: sub011.txt] “害怕过度休息会造成时间上的浪费” | [文件: sub043.txt] 学习工作的时候不专注，效率低下，休息的时候又焦虑没有在好好利用时间,"sub011.txt, sub043.txt",时间浪费恐惧; 时间利用焦虑,0.8690657615661621
完美主义倾向,对自身表现设定过高标准，认为休息意味着懈怠或失败，无法容忍未完成任务或表现不完美，导致休息时产生焦虑与自责,2,2,[文件: sub012.txt] “完美主义” | [文件: sub140.txt] “自己养成的必须尽最大努力的习惯”,"sub012.txt, sub140.txt",完美主义倾向; 自我施加的完美主义倾向,0.9057960510253906
长期行为驯化,在成长或工作环境中长期被训练为“必须高效”“不能停歇”，形成条件反射式的劳动惯性，使休息被视为异常或错误行为,1,1,[文件: sub012.txt] “长期被驯化”,sub012.txt,长期行为驯化,1.0
休息价值感缺失,个体内心不认可休息的必要性或正当性，认为休息不具备积极意义，从而在休息时产生羞耻体验,5,5,[文件: sub012.txt] “不懂如何正确休息” | [文件: sub023.txt] “我认为是能动力差……导致休息休息” | [文件: sub040.txt] “焦虑愧疚有压力” | [文件: sub105.txt] “因为我没有按照自己的计划休息，固然耽误了我正常计划的进行，固然导致休息焦虑或休息羞耻” | [文件: sub149.txt] “觉得休息没价值……造成了休息羞耻症”,"sub012.txt, sub023.txt, sub040.txt, sub105.txt, sub149.txt",休息技能缺失; 能动力不足; 休息伴随负面情绪体验; 未遵循个人休息计划; 休息价值感缺失,0.8811203241348267
心理健康困扰,存在焦虑、抑郁等心理状态，导致个体难以放松，休息时反而被负面思维侵扰，强化了对休息的抵触与羞耻体验,2,2,[文件: sub012.txt] “心理问题” | [文件: sub166.txt] “不够用功，焦虑过度。”,"sub012.txt, sub166.txt",心理健康困扰; 过度焦虑倾向,0.8559081554412842
就业压力驱动的自我要求,个体因担忧未来就业前景而对自身提出高强度学习或工作要求，认为必须持续努力才能获得理想职业，从而在休息时产生羞耻感,3,3,[文件: sub013.txt] “自己希望能将学习、科研等做得更好，并且旁边人学习都十分努力。我认为最主要的是目前就业环境不好，我会担心不努力学习以后无法找到一份理想的工作” | [文件: sub057.txt] “就业压力” | [文件: sub098.txt] “社会各方面就业压力”,"sub013.txt, sub057.txt, sub098.txt",就业压力驱动的自我要求; 就业前景不确定性带来的压力; 就业压力,0.8619958758354187
努力回报信念,个体持有“努力必有回报”的信念，将休息视为对努力的背离，进而产生道德或价值层面的自我质疑,1,1,[文件: sub014.txt] “想过上幸福生活的美好愿景，认为努力就有回报”,sub014.txt,努力回报信念,1.0
好孩子规训内化,个体在成长过程中被反复强化“持续学习=好孩子”的价值判断，将休息与道德缺陷或自我否定关联,1,1,[文件: sub014.txt] “从小被灌输的时刻保持学习状态会被认为是好孩子”,sub014.txt,好孩子规训内化,1.0
外部认同依赖,个体过度依赖他人评价来确认自我价值，导致在休息时因担心被负面评判而产生羞耻感,2,2,[文件: sub014.txt] “强烈的认同感需求让自己活在别人的看法里” | [文件: sub070.txt] “过强的成就动机，渴望他人的认可的需求对自己价值感的肯定以及他人的肯定以及优绩主义的影响”,"sub014.txt, sub070.txt",外部认同依赖; 外部认可依赖,0.870597243309021
决策冲突倾向,个体在面对休息与工作这一对冲突选项时，缺乏清晰的价值排序，容易陷入反复权衡与自我怀疑,1,1,[文件: sub014.txt] “在休息和工作两个有明显冲突的选项中会不自觉陷入矛盾情绪”,sub014.txt,决策冲突倾向,1.0
反刍性自我审视,个体在休息时反复回顾自身行为与状态，进行过度自我检视，放大休息的“不当性”,1,1,[文件: sub014.txt] “在自我反刍……的过程中生成过多的压力”,sub014.txt,反刍性自我审视,1.0
早期教育塑造的休息观念,个体在成长过程中因家庭教育和早期学业训练形成对休息的负面认知，认为休息是懒惰或不务正业的表现，从而在休息时产生羞耻感,2,3,[文件: sub015.txt] “从小的教育养成的习惯” | [文件: sub015.txt] “身边的环境父母的教育影响等等” | [文件: sub157.txt] “也可能与传统的家庭教育有关”,"sub015.txt, sub157.txt",早期教育塑造的休息观念; 家庭环境对休息态度的塑造; 传统家庭教育规训,0.858109712600708
高强度学业压力下的自我要求,在持续高压的学业环境中，个体内化了“必须不断努力”的信念，将休息视为对学习责任的背离，进而引发休息时的内疚与不安,3,3,[文件: sub015.txt] “学业压力大” | [文件: sub079.txt] “学习上的压力” | [文件: sub130.txt] “当前的学习情况和学习节奏”,"sub015.txt, sub079.txt, sub130.txt",高强度学业压力下的自我要求; 学业压力内化; 学业进度压力,0.8691085577011108
碎片化工作模式内化,个体因长期处于需随时响应任务（如频繁回复导师）的碎片化工作状态，将“持续待命”视为常态，从而在休息时产生违背惯常行为模式的不适感,1,1,[文件: sub016.txt] 工作科研属性需要经常碎片化回复导师，加上本科琐碎的工作习惯所致。,sub016.txt,碎片化工作模式内化,1.0
家庭经济压力引发的成就焦虑,个体因家庭经济困难而产生急于成功的心理压力，在能力有限的情况下难以达成自我期望，从而在休息时产生自我否定与羞耻感,1,1,[文件: sub020.txt] “大概是我家庭经济困难导致我太急于求成而又能力有限，总是不满意当下的自己”,sub020.txt,家庭经济压力引发的成就焦虑,1.0
休息等同于生命浪费,个体将休息与时间或生命价值的丧失直接挂钩，认为停止工作即是对自身存在价值的否定，从而引发羞耻感,3,3,[文件: sub022.txt] “由此形成的‘休息即浪费’的认知” | [文件: sub023.txt] “大家应该去享受休息，而不是说以休息为耻” | [文件: sub100.txt] “一旦我休息就是在浪费自己的生命，会感到羞耻”,"sub022.txt, sub023.txt, sub100.txt",休息被等同于浪费; 休息价值被否定; 休息等同于生命浪费,0.8916026949882507
时间管理失衡感,个体因未能合理安排工作与休息时间，导致在休息时感到不安或愧疚，认为休息是失控或低效的表现,2,2,[文件: sub023.txt] “合理安排时间就不会有休息羞耻了” | [文件: sub098.txt] “个人对时间的不合理安排”,"sub023.txt, sub098.txt",时间管理失衡感; 时间管理失当,0.8838788270950317
对成果质量的高要求与休闲时间的冲突,个体因对任务最终成果抱有高标准，认为将时间用于休闲会损害成果质量，从而在休息时产生羞耻或不安,1,1,[文件: sub025.txt] “一定程度的懒和拖延吧，但是我又对最后的结果有比较高的要求，因此如果把时间用来休闲，会觉得降低了最后结果的质量”,sub025.txt,对成果质量的高要求与休闲时间的冲突,1.0
被超越的恐惧,个体因担忧他人在自己休息时取得进步或优势，从而产生休息时的不安与羞耻感,2,2,[文件: sub026.txt] “对害怕其他人超过自己的担忧” | [文件: sub155.txt] “一部分是自己内心不甘落后，怕别人超过”,"sub026.txt, sub155.txt",被超越的恐惧; 恐惧被他人超越,0.875566303730011
休息引发的焦虑与恐惧,个体在休息时体验到强烈的焦虑和恐惧情绪，认为休息本身会带来负面后果,2,2,[文件: sub026.txt] “焦虑以及恐惧” | [文件: sub079.txt] “内心焦虑”,"sub026.txt, sub079.txt",休息引发的焦虑与恐惧; 休息引发焦虑反应,0.9217096567153931
早期努力至上教育灌输,个体在成长过程中被反复教导必须将绝大部分时间投入学习，形成“唯有持续努力才有价值”的信念，从而在休息时产生违背该信念的羞耻感,1,1,[文件: sub028.txt] “从小就被要求必须把几乎所有时间都用来学习”,sub028.txt,早期努力至上教育灌输,1.0
努力不足归因倾向,个体将自身不够优秀归因为努力程度不足，导致在休息时产生“本应更努力”的自我责备，进而引发羞耻感,4,5,[文件: sub028.txt] “总是认为自己不够优秀的原因是不够努力” | [文件: sub028.txt] “想到那些比我优秀的人在我休息的时候还在学习” | [文件: sub071.txt] “本身自己对待学习、工作就没有很认真，没有做到全力以赴，所以在有休息的想法的时候会有类似一些负面的评价。” | [文件: sub085.txt] “以及可能与自身比较好强的性格原因” | [文件: sub160.txt] 平常学的也没有很努力，总是在无效学习，所以休息的时候也会觉得自己一直在玩儿,"sub028.txt, sub071.txt, sub085.txt, sub160.txt",努力不足归因倾向; 他人持续努力的想象性比较; 未达自我努力标准; 好胜性格引发的自我苛责; 学习效率低下引发的自我责备,0.8621155023574829
任务未完成时的休息负罪感,当个体感知到自身仍有未完成的工作或学习任务时，认为此时休息是不正当的，从而产生羞耻或内疚情绪,1,1,"[文件: sub029.txt] 在工作或学习任务没有完成的时候,大家都专心致志学习或者复习压力大的时候，会产生休息羞耻",sub029.txt,任务未完成时的休息负罪感,1.0
集体专注氛围下的休息不适,在群体普遍处于高度投入或高压学习/工作状态的情境中，个体因自己休息而感到与集体节奏不一致，从而引发羞耻感,2,2,"[文件: sub029.txt] 在工作或学习任务没有完成的时候,大家都专心致志学习或者复习压力大的时候，会产生休息羞耻 | [文件: sub102.txt] “其次是周围环境，可能觉得身边大家都在学习所以让自己有羞耻感”","sub029.txt, sub102.txt",集体专注氛围下的休息不适; 群体学习氛围的压迫感,0.8520731925964355
自控力与行动力的冲突,个体因理想中应具备的自我控制能力与现实中无法有效行动之间的落差而产生对休息的负面感受,1,1,[文件: sub031.txt] “想象中自己的自控力与实际中自己的行动力相违背”,sub031.txt,自控力与行动力的冲突,1.0
自我期望与能力落差,个体因对自身设定过高目标，而感知到实际努力或能力无法匹配该期望，从而在休息时产生内疚或不安，认为自己不配休息,8,8,"[文件: sub034.txt] “有些对自己期望过高，但是我的努力好像又配不上我的期望” | [文件: sub052.txt] “感觉像优绩主义根深蒂固或者是一直在家里人的期望之下生活，不愿辜负家人的期望” | [文件: sub054.txt] “然后是对自己的压力，对自己一直有很高的期望和要求，如果没有达到会感到很难受” | [文件: sub063.txt] ""过分的关注他人，没有把精力放在自己的身上，人生的赛道上，你才是主角"" | [文件: sub084.txt] “内在认知的偏差” | [文件: sub101.txt] 对于目标既渴望又害怕 | [文件: sub114.txt] “来自各个方面的高要求” | [文件: sub148.txt] “人太懒惰没有人约束，没有完成自己应该做的，导致不好的结果”","sub034.txt, sub052.txt, sub054.txt, sub063.txt, sub084.txt, sub101.txt, sub114.txt, sub148.txt",自我期望与能力落差; 家庭期望压力; 自我高期望引发的休息冲突; 过度关注他人表现; 内在认知偏差; 对目标的矛盾心理; 外部高期望的内化; 未完成应尽责任引发的自我谴责,0.8699823617935181
理想自我与现实自我的冲突,个体在理想状态（如高效、成功）与现实表现（如疲惫、低效）之间存在显著差距，休息被视作现实落后的证据，从而触发负面自我评价,1,1,[文件: sub034.txt] “理想和现实的差距”,sub034.txt,理想自我与现实自我的冲突,1.0
竞争性学习内化,个体将“他人在努力即自己在落后”的竞争逻辑内化为自我要求，导致休息时产生自我谴责,1,1,[文件: sub035.txt] “应试教育后遗症，之前的老师总是强调，自己不学习别人学习等于自己的退步，造成现在停下来就会自己鞭策自己”,sub035.txt,竞争性学习内化,1.0
目标缺失下的时间空洞感,在缺乏自主规划的情况下，课余时间无明确任务，休息被视为无意义的空白，加剧对“浪费时间”的恐惧,1,1,[文件: sub035.txt] “对自己的学习生活缺少规划，按照课表上完课不知道做什么事情”,sub035.txt,目标缺失下的时间空洞感,1.0
同辈卷度焦虑,感知到他人高度投入学习或工作，对比之下将自身休息解读为落后或懈怠，产生相对剥夺感,1,1,[文件: sub035.txt] “又怕别人很卷，而自己只能休息浪费时间”,sub035.txt,同辈卷度焦虑,1.0
教育灌输的时间观,早期教育强调时间必须被“好好利用”，将休息视为对时间的不当使用，从而形成对休息的负面评价,1,1,[文件: sub036.txt] “从小的教育总是会告诉我们要好好利用时间”,sub036.txt,教育灌输的时间观,1.0
非自愿的社会比较倾向,在休息时不由自主地与他人进行成就或行为比较，因感知到他人可能更努力而产生羞耻,2,2,[文件: sub036.txt] “让我不自觉和他人比较，觉得休息可耻” | [文件: sub061.txt] “不自觉和他人比较”,"sub036.txt, sub061.txt",非自愿的社会比较倾向; 无意识的社会比较倾向,0.8611170649528503
制度化时间管理剥夺自主节奏体验,长期处于被课程表和外部安排严格规划的生活节奏中，导致个体丧失对自主安排时间与慢节奏生活的适应能力，一旦脱离计划便产生失控与不适,1,1,[文件: sub037.txt] “初高中开始更是没有体验过慢慢生活的感觉，每天都过着被课程表和其他课程安排好的生活，所以自己一没有计划，二已经无法适应休息和慢节奏生活”,sub037.txt,制度化时间管理剥夺自主节奏体验,1.0
心理困扰驱动的回避性忙碌,因焦虑抑郁等情绪困扰，个体通过持续学习或工作来逃避内在痛苦，将休息等同于直面负面思维，因而对休息产生抗拒与自我否定,1,1,[文件: sub037.txt] “个人因素：焦虑抑郁控制大脑，学习工作代替思考，明知道这样的心态有问题，但依然下定不了决心去改正”,sub037.txt,心理困扰驱动的回避性忙碌,1.0
竞争导向的评价体系,教育或社会环境中以超越他人为核心的评价标准，使人因害怕落后而难以安心休息,1,1,[文件: sub038.txt] “可能是应试教育背景下，评价体系往往不是‘今天我学到了多少’而是‘今天我超过了多少人’，在如此的考核标准下，人人神经紧绷，不敢懈怠。”,sub038.txt,竞争导向的评价体系,1.0
自我规训的思维模式,个体将休息与懈怠对立，认为应严格划分学习与休息时间，并因未能有效控制注意力而产生自我批评,1,1,[文件: sub038.txt] “自己的思想问题，不应该优柔寡断，人要成长，该休息的时候就该休息，该学习的时候就要学习，定时查看消息，而不是守株待兔般神经兮兮，要提高自己的思维能力和信息接受能力”,sub038.txt,自我规训的思维模式,1.0
多重压力叠加,个体感知到来自社会、学业等多方面的压力共同作用，使其难以心安理得地休息，从而产生休息时的不适感,3,3,[文件: sub039.txt] “学业压力” | [文件: sub085.txt] “受社会环境，同辈压力影响较大” | [文件: sub117.txt] “我觉得是现在很多的社会压力，再加上学业的压力，还有自的想法等综合因素”,"sub039.txt, sub085.txt, sub117.txt",学业负担过重; 同辈压力驱动的休息不适; 多重压力叠加,0.8868338465690613
家长期望压力,父母对子女学业或表现的高期望及其持续督促，使个体在休息时产生内疚或焦虑,2,2,[文件: sub039.txt] “父母的督促和他们带来的压力” | [文件: sub104.txt] “家长的希望”,"sub039.txt, sub104.txt",家长期望压力; 家长期望负担,0.9015377759933472
教师权威驱动,教师在学业上的严格要求和持续监督，内化为个体对休息的排斥或不安,1,1,[文件: sub039.txt] “高中时老师的督促”,sub039.txt,教师权威驱动,1.0
自我意志薄弱,个体因缺乏坚定的自我调节能力，在面对休息与任务冲突时难以安心休息,1,1,[文件: sub039.txt] “自己内心的不坚定”,sub039.txt,自我意志薄弱,1.0
担忧学业落后,个体因担心在学业进度或成绩上被他人超越，从而在休息时产生羞耻或不安感,1,1,[文件: sub041.txt] 害怕自己学习落后,sub041.txt,担忧学业落后,1.0
恐惧休息行为本身,个体对“休息”这一行为本身产生恐惧，认为其具有负面后果，进而引发羞耻体验,1,1,[文件: sub041.txt] 害怕自己休息,sub041.txt,恐惧休息行为本身,1.0
感知他人隐性竞争,个体察觉到他人在看似平静的环境中仍在努力（如“内卷”），从而在休息时感到自己处于不利地位,1,1,[文件: sub041.txt] 别人在悄悄内卷,sub041.txt,感知他人隐性竞争,1.0
担忧被群体远远抛下,个体因害怕在竞争中大幅落后于同辈群体，产生强烈的被抛弃感，导致无法安心休息,1,1,[文件: sub041.txt] 自己会被甩的很远,sub041.txt,担忧被群体远远抛下,1.0
生产力至上价值观,社会将个人价值与生产性劳动紧密挂钩，使个体认为休息等同于懒惰，从而产生羞耻感,1,1,[文件: sub042.txt] “首先是社会整体的‘productivity 至上’观念，将个人价值与生产性劳动深度绑定，休息被视为懒惰的表现”,sub042.txt,生产力至上价值观,1.0
自我提升义务感,个体内化了必须持续自我优化的信念，认为未用于提升的时间（如休息）是失职，从而产生负罪与羞耻,1,1,[文件: sub042.txt] “还有个人对自我的高要求，总觉得应该把时间都用来提升自己，从而对休息产生负罪感”,sub042.txt,自我提升义务感,1.0
就业市场竞争激烈,个体因就业机会稀缺、求职难度大而感到必须持续努力，无法安心休息,2,2,[文件: sub044.txt] 就业紧张 | [文件: sub100.txt] “社会的就业压力，即使是985高材生毕业仍旧找不到工作”,"sub044.txt, sub100.txt",就业市场竞争激烈; 就业市场焦虑,0.8899754881858826
学历价值下降,个体感知到高学历不再能保障竞争优势，从而加剧努力压力，削弱休息合理性,1,1,[文件: sub044.txt] 学历贬值,sub044.txt,学历价值下降,1.0
同辈群体的竞争氛围,来自同龄人或同行群体的竞争压力，使个体将休息视为懈怠，担心在群体中处于劣势，从而对休息产生负面情绪,4,4,[文件: sub044.txt] 社会压力大 | [文件: sub061.txt] “同辈竞争压力等” | [文件: sub062.txt] “从大环境上来说是社会竞争过于激烈，内卷无时无刻不在发生” | [文件: sub157.txt] “或者社会大众心理”,"sub044.txt, sub061.txt, sub062.txt, sub157.txt",社会整体压力氛围; 同辈群体的竞争氛围; 社会竞争压力; 社会大众心理氛围,0.8762836456298828
同辈竞争性参照,在观察到同龄人（如“内卷的同学”）持续投入努力时，个体因自身休息行为与他人形成对比而感到落后或不合群，诱发羞耻,5,5,[文件: sub044.txt] 周围人都在卷 | [文件: sub097.txt] “同龄人的内卷，更会加剧自己休息的愧疚和焦虑” | [文件: sub136.txt] “社会压力 内卷？” | [文件: sub140.txt] “内卷的同学” | [文件: sub152.txt] “再就是日益内卷的当下，同辈压力和就业压力日益增长社会大环境让我有一种不多努力比不过同辈就很难有出路的心态，从而要pua自己多努力才能把握主动权。”,"sub044.txt, sub097.txt, sub136.txt, sub140.txt, sub152.txt",同辈竞争性行为普遍; 同辈竞争引发的休息愧疚; 社会竞争氛围内化; 同辈竞争性参照; 同辈竞争驱动的自我压榨,0.8727390170097351
生活节奏过快,快速的生活与工作节奏使个体难以找到合理休息的时间窗口，休息被视为对效率的背离,1,1,[文件: sub044.txt] 快节奏的生活方式,sub044.txt,生活节奏过快,1.0
长期高压习惯化,个体因长期处于高强度学习或工作状态（如从高中起持续紧绷），将“不停歇”内化为行为规范，导致休息被视为对既有节奏的违背而引发不适。,1,1,[文件: sub048.txt] “加上从高中以来一刻不敢休息”,sub048.txt,长期高压习惯化,1.0
自我成就压力,个体因设定极高的学业或成就目标（如绩点排名、转专业成功）而产生的持续压力，导致在未达成目标前难以心安理得地休息,1,1,[文件: sub049.txt] “我对我自己的高要求，我想要绩点第一至少前十，我需要转专业 但是我没有一定的把握，好累。”,sub049.txt,自我成就压力,1.0
心理健康价值被忽视,社会普遍不重视心理健康，导致个体无法正当化休息需求，进而产生羞耻感,1,1,[文件: sub051.txt] “对人心理健康的忽视”,sub051.txt,心理健康价值被忽视,1.0
目标与能力失衡引发的时间侵占,个体因设定较高目标与野心，但受限于拖延、低效等行为习惯，导致任务无法在正常工作学习时段完成，被迫挤占休息时间，从而产生休息时的愧疚或不适,1,1,[文件: sub053.txt] “有一定的目标和野心，但是拖延症和一些不良的习惯（比如说安排时间不合理，效率低下，专注力低等）导致时间安排不合理，造成正常工作学习时间不能全部事情，拖延到休息时间。”,sub053.txt,目标与能力失衡引发的时间侵占,1.0
同侪努力引发的休息不适,个体因观察到同事或同龄人持续努力工作，产生自己不应休息的内疚感或压力，从而导致休息时产生羞耻或不安,1,1,[文件: sub054.txt] “可能是来自同僚的压力，他们的努力让我感到自己不应该休息”,sub054.txt,同侪努力引发的休息不适,1.0
重要他人期望压力,来自家庭成员和周围人的高期待使个体感到休息是对他人期望的辜负,2,2,[文件: sub056.txt] “家里人身边人的期望又很多” | [文件: sub161.txt] “个人感觉焦虑来自于父母和伴侣等亲近之人的高期待”,"sub056.txt, sub161.txt",重要他人期望压力; 重要他人高期待压力,0.8874648809432983
同辈努力参照,观察到同龄人持续努力的状态，使个体在休息时产生落后或懈怠的负罪感,3,3,[文件: sub056.txt] “其他同龄人又一直在努力” | [文件: sub066.txt] “同龄人竞争压力，比如同专业同学在图书馆努力学习，你却在休息，就有了休息羞耻” | [文件: sub127.txt] 看见身边人在非常努力,"sub056.txt, sub066.txt, sub127.txt",同辈努力参照; 同辈学业努力对比; 观察他人努力引发的相对懈怠感,0.8539061546325684
社会焦虑氛围渗透,社会层面弥漫的普遍焦虑情绪被个体内化，导致休息被视为危险或不合时宜的行为,1,1,[文件: sub056.txt] “社会层面又一直存在各种类型的焦虑风气，让人免不了一直对各方面都焦虑”,sub056.txt,社会焦虑氛围渗透,1.0
机构文化强调自律与进取,所在高校或组织推崇持续努力、自我约束的文化氛围，使个体将休息视为违背主流价值观的行为，进而产生不适,1,1,[文件: sub057.txt] “山大自律向上的氛围”,sub057.txt,机构文化强调自律与进取,1.0
教育中缺乏对休闲正当性的认可,个体在成长过程中未被教导休闲是日常生活中的正当组成部分，反而被灌输只有努力、学习和工作才是“正事”，从而在休息时产生羞耻感,1,1,[文件: sub058.txt] “从小接受的教育观念，没有被教一天就应该有多长的时间是属于自己的娱乐休闲的，只被教要努力，要学习，要工作，这些才是正事。”,sub058.txt,教育中缺乏对休闲正当性的认可,1.0
早期愧疚导向的教养方式,个体在成长过程中被反复灌输“休息即懒惰”或“不努力就对不起他人”的观念，导致将休息与道德过失关联，从而在休息时产生羞耻感,1,1,[文件: sub060.txt] “从小的愧疚教育”,sub060.txt,早期愧疚导向的教养方式,1.0
对他人负面评价的恐惧,担心在休息时被他人视为懒惰、不努力或缺乏上进心，因预判社会贬低而回避休息或在休息中感到羞耻,2,2,[文件: sub060.txt] “害怕别人鄙夷的眼光” | [文件: sub104.txt] “旁人想看笑话的眼神”,"sub060.txt, sub104.txt",对他人负面评价的恐惧; 他人审视恐惧,0.8726990222930908
内耗型思维模式,个体习惯于反复审视自身行为与状态，在休息时因无法停止自我质疑和反思而产生心理负担,1,1,[文件: sub062.txt] “形成了爱内耗的心态”,sub062.txt,内耗型思维模式,1.0
资本主义社会对人的异化,在资本主义制度下，个体被工具化，其价值被简化为生产力或经济贡献，导致个体在无法持续产出时产生自我否定与羞耻感，从而在休息时感到不适,1,1,[文件: sub064.txt] “因为资本主义社会对人的异化”,sub064.txt,资本主义社会对人的异化,1.0
价值条件化的教育影响,长期接受“只有通过努力、产出或成就才能获得价值认可”的教育观念，使个体将自我价值与行为表现绑定，休息被视为无价值状态，因而引发羞耻感,2,2,"[文件: sub064.txt] “是因为长期以来价值条件化的教育导致的” | [文件: sub168.txt] ""从小的教育环境传递出的信号，内卷与优绩主义的社会文化，用是否有用来衡量自己的一切行为""","sub064.txt, sub168.txt",价值条件化的教育影响; 教育环境传递的功利价值观,0.8680915832519531
社会内卷与经济不安全感,社会高度竞争（内卷）和经济环境恶化使个体对工作、生活和财务缺乏稳定预期，从而在休息时产生不安与羞耻感,1,1,[文件: sub065.txt] “当下社会的内卷化严重，经济形势不容乐观，导致人们对自己的工作，生活，经济等方面没有足够的安全感”,sub065.txt,社会内卷与经济不安全感,1.0
自我成长期待冲突,个体内心渴望休息，但同时又强烈期望自我持续进步，导致休息时产生心理冲突,1,1,[文件: sub067.txt] “一方面是自己无法与内心互恰，其实自己是渴望休息的，但是自己的内心又希望自己能变得越来越优秀，不希望自己停止不前”,sub067.txt,自我成长期待冲突,1.0
家庭优先学习理念灌输,家庭长期向个体传递“学习永远优先”的价值观，使个体将休息视为对学习的背离，从而产生羞耻感。,1,1,[文件: sub068.txt] “家长灌输的理念是无论何时学习一定首位”,sub068.txt,家庭优先学习理念灌输,1.0
学校内卷化学习氛围,学校环境中普遍存在的过度竞争和高强度学习压力，使个体在休息时感到与环境格格不入，进而引发羞耻体验。,1,1,[文件: sub068.txt] “学校的学习氛围内卷化严重”,sub068.txt,学校内卷化学习氛围,1.0
早期习惯内化,个体在成长过程中形成的以学习为中心的生活与学习习惯，使其将休息视为异常或不当行为，从而在休息时产生不适与羞耻。,2,2,[文件: sub068.txt] “从小养成的生活习惯和学习习惯……都会造成休息羞耻的现象” | [文件: sub080.txt] “从小被灌输的理念”,"sub068.txt, sub080.txt",早期习惯内化; 早期价值观内化,0.8767555356025696
高压环境下的自动化思维,在长期高压学习环境中形成的不自主思维模式，使个体在休息时自动产生“应该学习”的念头，进而引发羞耻感。,1,1,[文件: sub068.txt] “在这种高压的学习环境下不自主的想法，都会造成休息羞耻的现象”,sub068.txt,高压环境下的自动化思维,1.0
社会结构驱动的内卷压力,当前社会的组织架构促使个体陷入普遍的过度竞争状态，从而引发对落后的恐惧和持续比较，导致个体难以安心休息,1,1,[文件: sub069.txt] “当前社会的组织架构造成了人人‘内卷’的情况，人们会不自主的进行比较、担心自己落后于他人。”,sub069.txt,社会结构驱动的内卷压力,1.0
焦虑敏感的个体特质,个体因自身性格中对焦虑高度敏感，导致在休息时更容易产生不安与自我责备，从而引发休息羞耻,1,1,[文件: sub073.txt] “自身焦虑敏感的性格”,sub073.txt,焦虑敏感的个体特质,1.0
应试教育塑造的行为惯性,长期接受以效率和产出为导向的学校教育，形成难以主动休息的条件反射式行为模式，休息被视为异常状态,2,2,[文件: sub073.txt] “十二年学校教育带来的习惯性” | [文件: sub154.txt] “可能也有一些高中时应试教育的习惯残留”,"sub073.txt, sub154.txt",应试教育塑造的行为惯性; 应试教育惯性,0.8759126663208008
过度关注他人状态,个体因过度留意他人的行为或状态，忽视自身需求，从而在休息时产生不适或羞耻感,2,2,[文件: sub075.txt] “太关注别人，而没有做好自己” | [文件: sub129.txt] “对周围的事物过于关注”,"sub075.txt, sub129.txt",过度关注他人状态; 过度关注外部评价,0.8724817633628845
自我敏感性过高,个体对自身状态或外界评价过度敏感，导致在休息时难以放松并产生负面自我评价,1,1,[文件: sub075.txt] “太敏感”,sub075.txt,自我敏感性过高,1.0
未来目标模糊,个体因缺乏清晰的未来规划，在休息时感到迷茫或浪费时间，进而引发羞耻感,1,1,[文件: sub075.txt] “对自己未来的规划不清晰”,sub075.txt,未来目标模糊,1.0
奋斗价值观的文化传承,源于中华民族长期推崇并代际传递的“奋斗”文化价值观，使个体将休息视为对主流价值的背离，从而产生羞耻感,1,1,[文件: sub077.txt] 我们民族从古至今的“奋斗”价值观，这是我们所有人普遍存在的，代代相传。,sub077.txt,奋斗价值观的文化传承,1.0
群体压力氛围,个体因所处环境中他人普遍处于高压状态而感到休息不合时宜，从而产生羞耻感,1,1,[文件: sub078.txt] “同学们的压力”,sub078.txt,群体压力氛围,1.0
社会生活节奏压迫感,整体生活环境所呈现的紧张节奏使个体将休息视为对主流节奏的背离，进而产生不适,1,1,[文件: sub078.txt] “生活氛围”,sub078.txt,社会生活节奏压迫感,1.0
升学目标驱动压力,个体因强烈渴望进入更高层次的学习平台而持续处于目标驱动状态，休息被视为对目标的背离，进而引发羞耻感,1,1,[文件: sub079.txt] “渴望更高的学习平台”,sub079.txt,升学目标驱动压力,1.0
理想自我与现实行为的落差,个体持有“应始终高效或 productive”的理想标准，当实际选择休息时，因行为与理想不符而产生内疚或羞耻,1,1,[文件: sub080.txt] “现实和理想的冲突”,sub080.txt,理想自我与现实行为的落差,1.0
自动化负面思维模式,长期形成的思维惯性使个体在休息时自动触发自我批评，将休息等同于懒惰或失败，无需外部刺激即可引发羞耻体验,1,1,[文件: sub080.txt] “心理习惯”,sub080.txt,自动化负面思维模式,1.0
社会攀比压力,个体因与他人比较休息状态而产生羞耻感，认为他人更努力或自己不应休息,2,2,[文件: sub081.txt] “与别人的攀比心” | [文件: sub166.txt] “容易和别人进行对比，产生不同的心理感受，影响自己。”,"sub081.txt, sub166.txt",社会攀比压力; 他人比较引发的心理失衡,0.8761537671089172
弥漫性焦虑氛围,环境中持续存在的焦虑情绪被内化，使个体在休息时感到不安,1,1,[文件: sub081.txt] “时不时不的焦虑”,sub081.txt,弥漫性焦虑氛围,1.0
亲密关系中的价值评判,与朋友交流时隐含的对休息的负面评价或对生产力的强调，引发休息时的自我怀疑,1,1,[文件: sub081.txt] “朋友的交心聊天”,sub081.txt,亲密关系中的价值评判,1.0
家庭权威的期望压力,家人或长辈对勤奋、努力的强调，使个体将休息视为违背家庭期待的行为,1,1,[文件: sub081.txt] “家人长辈的要求”,sub081.txt,家庭权威的期望压力,1.0
教育者传递的绩效焦虑,教师通过言语或行为传递对效率和产出的过度重视，导致学生将休息等同于懈怠,1,1,[文件: sub081.txt] “老师传播的焦虑”,sub081.txt,教育者传递的绩效焦虑,1.0
高压教养模式,父母强调结果导向、完美主义或施加高压，使个体内化“必须高效产出”的信念，从而在休息时产生违背家庭期待的羞耻感,1,1,[文件: sub082.txt] “父母的教育方式（高压、结果论、完美主义）”,sub082.txt,高压教养模式,1.0
成就导向型人格特质,个体具有强烈的好胜心、嫉妒倾向或自卑感，使其将休息视为落后于他人的表现，从而引发自我否定,1,1,[文件: sub082.txt] “个人性格（好胜心、嫉妒、自卑）”,sub082.txt,成就导向型人格特质,1.0
目标紧迫性感知,个体设定的目标具有高紧急性或严格截止期限，休息被感知为对目标进度的威胁，进而引发焦虑与自责,2,2,[文件: sub082.txt] “个人目标（可实现度、截止时间的紧急度）” | [文件: sub111.txt] “时间的紧促”,"sub082.txt, sub111.txt",目标紧迫性感知; 时间紧迫感,0.8536190986633301
计划秩序破坏敏感,个体对日常计划的稳定性高度依赖，非计划内的休息被视为对内在秩序的扰乱，引发失控感与慌乱,1,1,[文件: sub082.txt] “打乱原本计划的休息让我原本的秩序受到了破坏，不喜欢失控和完不成原本正事的慌乱”,sub082.txt,计划秩序破坏敏感,1.0
效率至上信念,个体认为时间应优先用于推进目标，休息若非必要即属“多余”，因其减缓目标实现速度而被视为低效甚至浪费，从而产生自我批评,1,1,[文件: sub082.txt] “原定目标虽然可以实现，但是休息会减慢实现的过程，所以有时会不喜欢多余的休息，认为自己这时间可以拿来努力”,sub082.txt,效率至上信念,1.0
竞争压力下的自我不足感,个体因感知到激烈的社会竞争环境，担心自身能力或努力不足而失去竞争优势，从而产生不敢休息的心理,1,1,[文件: sub083.txt] “社会太卷了，不卷连和别人竞争的机会都没有，所以就不敢休息，总是觉得自己还不够。”,sub083.txt,竞争压力下的自我不足感,1.0
外部比较压力,个体在休息时因感知到他人未休息或更努力而产生被比较的压力，从而引发羞耻感,1,1,[文件: sub084.txt] “外部环境的比较压力”,sub084.txt,外部比较压力,1.0
职场与校园文化规训,所处的组织或教育环境推崇持续奋斗、贬低休息，使个体内化“不应休息”的规范而感到羞耻,1,1,[文件: sub084.txt] “职场与校园文化的影响”,sub084.txt,职场与校园文化规训,1.0
技术加速带来的紧迫感,互联网与人工智能等技术快速发展，使个体感受到时间被压缩、节奏被迫加快，从而在休息时产生落后于时代的焦虑,1,1,[文件: sub086.txt] “生产力发展，互联网和AI技术的发展”,sub086.txt,技术加速带来的紧迫感,1.0
生存与生活压力的内化,日常生活中的经济、职业或家庭压力被个体内化为必须持续努力的义务，导致休息被视为对责任的逃避,1,1,[文件: sub086.txt] “生活的压力”,sub086.txt,生存与生活压力的内化,1.0
他人评价的过度关注,个体高度在意他人如何看待自己的行为，尤其在休息时担心被评判为懒惰或不努力，从而产生羞耻感,1,1,[文件: sub086.txt] “对他人看法的在意”,sub086.txt,他人评价的过度关注,1.0
幸福观的绩效化倾向,将幸福与成就、阶段性胜利绑定，认为只有通过不断奋斗才能获得价值感，使休息因缺乏“产出”而显得无意义甚至可耻,1,1,[文件: sub086.txt] “对幸福的追求（当然这种追求时常导致陷入痛苦，但获得阶段性胜利时确实很幸福）”,sub086.txt,幸福观的绩效化倾向,1.0
多源压力驱动的应然自我期待,个体因来自社会、学校、家庭等多重外部压力，内化出“应当持续努力”的自我要求，从而在休息时产生违背该期待的不适感,1,1,[文件: sub087.txt] “我认为是当前社会，学校，家庭等多方面的压力，让我觉得自己应该努力。”,sub087.txt,多源压力驱动的应然自我期待,1.0
自我设定目标未达成引发的内疚,个体因主动设立高期望或任务目标却未能完成，从而在休息时产生自我责备与不适感,1,1,[文件: sub088.txt] “可能是本身的好胜心，自己喜欢给自己立flag但总是完成不了。”,sub088.txt,自我设定目标未达成引发的内疚,1.0
代际劳动榜样内化,个体因父母长期持续劳动的行为被内化为行为标准，导致自身休息时因与父母的辛劳形成对比而产生不适感,1,1,[文件: sub089.txt] 父母总是一天到晚劳动个不停，自己休息父母操劳形成反差会难受。,sub089.txt,代际劳动榜样内化,1.0
个人要强性格,个体自身具有追求完美、不甘落后或自我要求过高的性格特质，导致其难以接受休息行为，认为休息等同于软弱或失败,1,1,[文件: sub090.txt] “自己本身要强的性格”,sub090.txt,个人要强性格,1.0
时间经济化观念,将时间视为可量化经济资源的文化观念，使休息被等同于浪费金钱，从而引发羞耻,1,1,[文件: sub092.txt] “而且还受到时间就是金钱这种文化的影响”,sub092.txt,时间经济化观念,1.0
勤劳美德内化,社会文化中“天道酬勤”等观念被个体深度内化，使休息被视为懒惰或道德缺陷，从而引发羞耻感,1,1,[文件: sub093.txt] “社会文化与价值观的深层塑造（‘天道酬勤’的集体潜意识）”,sub093.txt,勤劳美德内化,1.0
制度性过劳常态化,现代工作与教育体系将持续高效运转视为常态，个体在制度压力下将休息视为对系统规则的违背，产生不适,1,1,[文件: sub093.txt] “现代工作与教育体系的强化（‘永不停转’的机器）”,sub093.txt,制度性过劳常态化,1.0
社会成功话语对休息的污名化,社会主流价值观将努力拼搏与成功绑定，将休息等同于懒惰，从而使人因休息而感到羞耻,1,1,[文件: sub095.txt] “社会价值影响，大家都说爱拼才会赢，时间就是金钱而休息就浅浅被称为懒惰的代名词。”,sub095.txt,社会成功话语对休息的污名化,1.0
教育环境强调持续学习,长期接受以不断学习为核心价值的教育理念，使个体将休息视为对学习义务的背离，从而产生羞耻感,1,1,[文件: sub096.txt] “可能是从小到大的教育，可能是整个氛围的内卷，需要不停地学习。”,sub096.txt,教育环境强调持续学习,1.0
高压环境下的休息无效感,个体在工作、学习和生活多重压力下，认为休息无法真正缓解焦虑，从而对休息产生怀疑和抵触，引发羞耻感,1,1,[文件: sub097.txt] “工作、学习、生活的压力，带来休息无法缓解的焦虑感”,sub097.txt,高压环境下的休息无效感,1.0
广泛性焦虑倾向,个体存在持续性的担忧和紧张心理状态，使休息难以被体验为放松，反而引发对失控或落后的恐惧,1,1,[文件: sub098.txt] “广泛性焦虑”,sub098.txt,广泛性焦虑倾向,1.0
内卷环境引发的竞争压力,在高度竞争的学业或社会环境中，个体因持续的内卷现象而产生下意识的心理压力和与他人比较的竞争心态，从而在休息时感到羞耻,1,1,[文件: sub099.txt] “大学生不断内卷现状引起下意识的心理压力和竞争心理，造成休息羞耻”,sub099.txt,内卷环境引发的竞争压力,1.0
前途不确定性忧虑,对个人未来发展路径的不确定感强化了“必须持续努力”的信念，使休息被视为懈怠,1,1,[文件: sub103.txt] “对前途的忧虑”,sub103.txt,前途不确定性忧虑,1.0
资源稀缺引发的生存焦虑,由于资源有限、供需失衡等结构性问题，个体将休息视为对生存机会的浪费，进而产生休息即懈怠的负罪感,1,1,[文件: sub106.txt] “供需不平衡资源紧缺等问题导致的生存需求”,sub106.txt,资源稀缺引发的生存焦虑,1.0
感知他人努力压力,个体在休息时因察觉到他人正在努力学习或工作而产生心理压力，从而引发对自身休息行为的负面评价,2,2,[文件: sub108.txt] “同样时间接收到他人在努力学习的信号” | [文件: sub132.txt] “他人的优秀以及努力”,"sub108.txt, sub132.txt",感知他人努力压力; 他人成就压力,0.8571933507919312
不切实际的任务目标,设定在特定时间内必须完成过高或不现实的任务量，使个体因无法实现目标而否定休息的正当性,1,1,[文件: sub108.txt] “完美主义在一定时间内要达到一定的任务（可能这个任务过高）”,sub108.txt,不切实际的任务目标,1.0
对未来后果的灾难化预期,个体因担忧当前未完成事项可能引发严重且长期的负面后果，从而在休息时产生焦虑与不安，导致难以安心休息,1,1,[文件: sub110.txt] 网络制造的焦虑，和对未来的未知感，担心自己有哪个事情没做好会有比较严重和长远的影响,sub110.txt,对未来后果的灾难化预期,1.0
任务完成不确定性,个体因无法确认任务是否真正完成或达标，担心休息意味着懈怠或失责，从而对休息产生心理负担,1,1,[文件: sub111.txt] “对任务是否真正完成的担心”,sub111.txt,任务完成不确定性,1.0
权威人物的价值观内化,个体在成长过程中长期接受来自教师和父母关于“勤奋优于休息”的价值灌输，将休息视为懈怠，进而内化为自我评判标准,1,1,[文件: sub112.txt] “从小到大老师和父母的思想灌输”,sub112.txt,权威人物的价值观内化,1.0
努力与疲惫的内在冲突,个体在渴望努力与身体/心理疲惫之间产生矛盾，因无法持续投入而对休息产生愧疚感,1,1,[文件: sub113.txt] “卷又卷不动躺又躺不平，想努力，但是又觉得太累，不想努力又觉得对不起自己。”,sub113.txt,努力与疲惫的内在冲突,1.0
未来不确定性驱动的过度准备,因对前途缺乏清晰方向而产生焦虑，进而通过持续学习或工作来缓解不安，将休息视为对不确定未来的消极应对，从而引发羞耻感,1,1,[文件: sub114.txt] “对于前途的迷茫让自己不得不多学一些”,sub114.txt,未来不确定性驱动的过度准备,1.0
应试教育内化的竞争焦虑,长期接受以竞争和成绩为导向的应试教育，使个体内化“不努力即落后”的信念，从而在休息时产生落后于他人的焦虑感,1,1,[文件: sub120.txt] 从小的应试教育，导致中国学生总有一种不努力会落后的感觉,sub120.txt,应试教育内化的竞争焦虑,1.0
就业压力驱动的群体比较,在就业困难与普遍加班的社会环境下，个体通过观察他人持续努力的状态，产生“若不持续工作就会被淘汰”的危机感，进而对休息感到不安,1,1,[文件: sub120.txt] 时代原因，现在工作找不到，加班严重，会觉得别人都在努力，自己不努力就完了,sub120.txt,就业压力驱动的群体比较,1.0
经济独立紧迫感,因缺乏家庭经济支持，个体感受到必须尽快实现经济自立的压力，导致休息被视为耽误谋生或积累资源的奢侈行为,1,1,[文件: sub120.txt] 家庭背景，无足够支持，需要赶紧经济独立,sub120.txt,经济独立紧迫感,1.0
教育灌输的效率至上观念,个体在成长过程中被教育者反复灌输“时间必须用于学习或 productive 活动”的观念，导致将休息视为浪费时间的行为，从而产生羞耻感,1,1,[文件: sub122.txt] 从小到大所受到的教育，老师们的言论会告诉我们休息时间应该做题而不是去干别的她们眼中无聊的事情浪费时间,sub122.txt,教育灌输的效率至上观念,1.0
现实压力驱动的自我规训,个体因面临紧迫的现实任务（如毕业、就业、升学）而内化一种“未完成任务即无权休息”的自我约束逻辑，从而在未达成目标时产生不应休息的羞耻感。,1,1,[文件: sub124.txt] “通常是社会的压力吧，压力太大。就是现实中的一些因素，比如说马上就要毕业了，工作问题或者是考研上岸的问题，这些现实的问题导致了就是自己没有达到今日的学习任务的话，就会觉得自己不应该休息。”,sub124.txt,现实压力驱动的自我规训,1.0
自我定位模糊,个体因缺乏清晰的自我认知与目标感，在休息时产生不安与羞耻，源于对“应做什么”的不确定,1,1,[文件: sub125.txt] “没有清晰地意识到自己该做什么，要做什么，对自己没有清晰的定位。很迷茫，我现在真的很迷茫。”,sub125.txt,自我定位模糊,1.0
就业导向的教育压力,教育体系或社会将高学历工具化为就业手段，迫使不适宜科研者进入学术路径，间接强化休息即懈怠的认知,1,1,[文件: sub125.txt] “我上课的时候，老师说他有一个普通的学生，读硕士是为了就业。我就在想，逼着不擅长科研的人去读硕读博，是这个大环境的错误。”,sub125.txt,就业导向的教育压力,1.0
被动卷入竞争环境,个体在高度内卷的社会氛围中，非自愿地被裹挟进持续竞争状态，导致休息被视为脱离竞争的“失职”行为,1,1,[文件: sub125.txt] “社会的就业压力真的好大。内卷太严重了，不自主的就会让自己陷入内卷的漩涡。”,sub125.txt,被动卷入竞争环境,1.0
同伴成就引发的自我贬抑,在休息时因联想到他人成就而进行不利自我比较，产生“不如他人努力”的羞耻感，削弱休息正当性,2,2,[文件: sub125.txt] “我有时候在想，我应该去恭喜我的好朋友获得很好的成绩，又在自己暗暗算着为什么自己不好。自己卷自己。所以休息的时候也很难受。” | [文件: sub148.txt] “看到别人的成功产生了对照”,"sub125.txt, sub148.txt",同伴成就引发的自我贬抑; 他人成就引发的不利自我对照,0.8959084153175354
未完成重要事务的自我责备,个体因意识到存在比休息更优先或更重要的任务尚未完成，从而在休息时产生内疚或自责，认为自己不配休息,1,1,[文件: sub127.txt] 意识到自己有比休息更重要的事但是没去完成,sub127.txt,未完成重要事务的自我责备,1.0
竞争性评价体系压力,社会或环境过度依赖成绩、奖项等外在指标评价个体价值，导致个体因担心落后而难以安心休息,1,1,[文件: sub128.txt] “现在的环境太过卷了，而且很多东西就是要看你的成绩也好或者看你的奖项，一旦落后于他人，在竞争中就可能会失去优势”,sub128.txt,竞争性评价体系压力,1.0
同伴内卷氛围引发的归因偏差,个体在高度竞争的同伴环境中，将学业表现不佳归因为休息或学习时间不足，而非方法问题，从而对休息产生负面评价,1,1,[文件: sub131.txt] “我觉得是因为我现在身边的朋友都太内卷了，如果我成绩不好，我就会下意识的将原因归结到学习时间不够，而不是学习方法不对。”,sub131.txt,同伴内卷氛围引发的归因偏差,1.0
思维反刍倾向,个体具有容易陷入反复思考、自我批评的性格特质，在休息时无法停止对任务或不足的担忧，加剧休息时的负面体验,1,1,[文件: sub132.txt] “容易内耗的性格”,sub132.txt,思维反刍倾向,1.0
内在价值冲突,个体内部存在追求上进与渴望放松两种相互冲突的价值取向，这种自我分裂的矛盾感引发对休息的羞耻体验,1,1,[文件: sub133.txt] “我认为是自己的两个小人在打架，一个积极上进的小人，一个让自己放松娱乐的小人，是这种矛盾感产生了休息羞耻”,sub133.txt,内在价值冲突,1.0
同伴学习行为引发的焦虑,在校园环境中，观察到他人持续学习的行为会引发个体对自己休息行为的不安与自我质疑,1,1,[文件: sub135.txt] “从校园氛围来说，同学间的竞争很直观，看到别人学习就会焦虑自己休息”,sub135.txt,同伴学习行为引发的焦虑,1.0
成功焦虑驱动的自我监控,个体因担忧休息会阻碍个人发展，将持续忙碌视为进步的唯一标志，从而对休息产生负罪感,1,1,[文件: sub135.txt] “还有我们自身对‘成功’的焦虑，总怕休息会影响自己的发展，觉得只有一直忙碌才能证明自己在进步”,sub135.txt,成功焦虑驱动的自我监控,1.0
生存压力加剧,个体因经济下行和生活成本上升而感受到更强的生存紧迫感，认为必须持续工作以维持生计，从而对休息产生愧疚或不安,1,1,[文件: sub136.txt] “经济大环境有下行趋势，生存压力变大”,sub136.txt,生存压力加剧,1.0
休闲活动的时间消耗感,个体意识到娱乐选择增多且容易过度投入，导致休息被感知为时间浪费，进而引发对休息的负面评价,1,1,[文件: sub136.txt] “娱乐的选择变多，而且很容易花费很多时间在‘休息’上”,sub136.txt,休闲活动的时间消耗感,1.0
填鸭式教育经历,个体在成长过程中长期接受以灌输和高压为特征的教育方式，导致其内化了“必须持续学习或产出才有价值”的信念，从而在休息时产生不适感,1,1,[文件: sub137.txt] “我觉得从小就是填鸭式教育，并且家长并会给予督促，只会让大家都感到非常的不舒服”,sub137.txt,填鸭式教育经历,1.0
效率至上价值观,将高效产出视为核心价值，认为休息是低效或浪费时间的行为，从而在休息时产生负面体验,1,1,[文件: sub138.txt] “效率至上的价值观”,sub138.txt,效率至上价值观,1.0
自我提升的迫切需求,个体出于强烈渴望进步或成功的心理动机，在休息时因未能推进目标而产生不适感,1,1,[文件: sub141.txt] “想进步的心理”,sub141.txt,自我提升的迫切需求,1.0
同伴行为带来的隐性压力,个体在休息时意识到周围人仍在努力，因他人行为形成的无形规范而感到休息是懈怠或不被允许的,1,1,[文件: sub141.txt] “周围人的无形压力”,sub141.txt,同伴行为带来的隐性压力,1.0
成就导向驱动的自我要求,个体因强烈渴望成长、进步与超越自我，将休息视为对目标追求的阻碍，从而产生羞耻感,1,1,[文件: sub142.txt] “对成长，进步，超越的渴望”,sub142.txt,成就导向驱动的自我要求,1.0
内卷环境下的行为惯性,在高度竞争的环境中长期处于持续奋斗状态，形成难以切换至放松状态的行为与心理惯性，导致休息时产生不适与羞耻,1,1,[文件: sub142.txt] “在内卷大环境下习惯了马不停蹄前进后难以适应放松的感觉”,sub142.txt,内卷环境下的行为惯性,1.0
工作压力引发的休息冲突,高强度工作压力使个体将休息感知为对责任的逃避，从而在尝试休息时产生负面情绪与羞耻体验,1,1,[文件: sub142.txt] “工作上的压力”,sub142.txt,工作压力引发的休息冲突,1.0
卷躺两难困境,个体陷入“内卷”与“躺平”之间的矛盾状态，既无法有效参与高强度竞争，又难以安心休息，导致对休息产生负面情绪。,1,1,[文件: sub146.txt] “属于卷卷不过，躺躺不平”,sub146.txt,卷躺两难困境,1.0
能力与期望不匹配,个体实际能力处于中等水平，却仍抱有较高成就期待，这种落差使其认为自己不配休息，从而产生羞耻感。,1,1,[文件: sub146.txt] “能力中等任然心存幻想”,sub146.txt,能力与期望不匹配,1.0
自我行为不一致引发的内疚,个体因自身存在拖延、懒散等与理想自我或社会期待不符的行为习惯，在休息时产生自我批评与内疚感，从而导致休息羞耻,1,1,[文件: sub147.txt] “自身的拖延症，以及生活中言行不一的坏习惯，多数时间过于懒散。”,sub147.txt,自我行为不一致引发的内疚,1.0
竞争环境下的休息污名化,在高度竞争的环境中，休息被视为软弱或懈怠的表现，导致个体因休息而感到羞耻,1,1,[文件: sub149.txt] “竞争……造成了休息羞耻症”,sub149.txt,竞争环境下的休息污名化,1.0
功利主义价值观影响,社会或个体将休息视为无产出、无价值的行为，认为只有持续工作或学习才具有意义，从而在休息时产生羞耻感,3,3,[文件: sub149.txt] “功利观念……造成了休息羞耻症” | [文件: sub157.txt] “功利主义或者一些优绩主义？” | [文件: sub159.txt] “社会功利文化”,"sub149.txt, sub157.txt, sub159.txt",功利主义价值观对休息的贬低; 功利主义价值观影响; 社会功利文化压力,0.9034528732299805
同辈行为参照引发的自我审视,个体通过观察同龄人是否休息来评估自身行为的正当性，当感知他人未休息时，自身休息会引发羞耻,1,1,[文件: sub149.txt] “同辈比较……造成了休息羞耻症”,sub149.txt,同辈行为参照引发的自我审视,1.0
成绩导向的社会评价,社会以成绩或产出作为主要评价标准，使个体认为休息等同于落后或不被认可，进而对休息感到羞耻,1,1,[文件: sub150.txt] “再加上约定俗成的社会评价体系是成绩的高低”,sub150.txt,成绩导向的社会评价,1.0
早期高压教育灌输,个体在基础教育阶段长期接受“时间必须用于学习或有意义事务”的价值灌输，导致将休息视为无效或错误行为，内化为难以改变的性格倾向,1,1,[文件: sub152.txt] “我觉得很重要的一个原因是长久以来从小学到高中的高压教育，老师和家长们总是以各种口号和现状来或是激励或是压力我们去把握一切可利用的时间去学习，去做所谓有意义的事情，在性格养成的最关键时刻我总接受着这样的思想灌输，休息羞耻已经成为不受自己控制的性格底色。”,sub152.txt,早期高压教育灌输,1.0
对成绩与生活的焦虑,个体因对自身学业表现或整体生活状态的持续焦虑，认为休息会损害其表现，从而在休息时感到不适,1,1,[文件: sub153.txt] “我觉得是对生活和成绩的焦虑”,sub153.txt,对成绩与生活的焦虑,1.0
遵从努力型社会规范的压力,个体感知到社会普遍推崇持续努力的价值观，将休息视为偏离主流行为，从而产生不合群或不被认可的羞耻感,1,1,[文件: sub155.txt] “另一部分可能就是大环境整体很多人都一直在努力，就像之前老师老是打的鸡血‘比你优秀的人都比你更努力’说的，怕自己去放松就不‘随大众’这样的想法存在”,sub155.txt,遵从努力型社会规范的压力,1.0
目标模糊引发的自我苛责,由于缺乏清晰的个人目标与努力方向，个体在面对多重任务时感到能力不足，进而产生“努力不够”的自我评价，阻碍其安心休息,1,1,[文件: sub156.txt] “目标不明确，没有非常明确的努力方向，对未来职业规划有极大的不确定性，想要全面抓但是能力不够，所以总是感觉自己的努力还远远不够，不能安心休息。”,sub156.txt,目标模糊引发的自我苛责,1.0
优绩主义文化压力,在强调个人成就与绩效至上的文化氛围中，个体因未能持续表现高效或优秀而对休息产生负罪感,1,1,[文件: sub157.txt] “功利主义或者一些优绩主义？”,sub157.txt,优绩主义文化压力,1.0
亲密关系中的能力落差感,伴侣在各方面表现优于自己，导致个体在休息时产生自我贬低或不配得感，从而引发休息羞耻,1,1,[文件: sub161.txt] “伴侣各方面比自己优秀”,sub161.txt,亲密关系中的能力落差感,1.0
未来方向不确定性,对研究生阶段发展方向缺乏清晰规划，导致个体认为当前休息是浪费时间，加剧休息时的焦虑与内疚,1,1,[文件: sub161.txt] “对未来研究生方向感到迷茫”,sub161.txt,未来方向不确定性,1.0
情绪调节困难,个体缺乏有效缓解焦虑等负面情绪的能力，导致在休息时仍被情绪困扰，难以安心,1,1,[文件: sub162.txt] “情绪焦虑无法自我缓解”,sub162.txt,情绪调节困难,1.0
社会对高效产出的推崇,社会文化高度赞扬持续高效的工作表现，将高产出视为个体价值的核心标准，使个体在休息时感到违背主流价值而产生羞耻,1,1,[文件: sub163.txt] “社会对‘高效产出’的推崇”,sub163.txt,社会对高效产出的推崇,1.0
忙碌即价值的社会观念,社会普遍将忙碌等同于个人价值和道德优越，导致个体在休息时感到自身价值被削弱，从而产生羞耻感,1,1,[文件: sub167.txt] “多因社会‘忙碌即价值’观念”,sub167.txt,忙碌即价值的社会观念,1.0
害怕落后的焦虑,个体因担忧在竞争中落后于他人而无法安心休息，休息时产生强烈的焦虑与不安，进而引发羞耻体验,1,1,[文件: sub167.txt] “怕落后的焦虑”,sub167.txt,害怕落后的焦虑,1.0
对休息即浪费时间的自我苛责,个体将休息视为对时间的浪费，并因此进行严厉的自我批评，这种内在指责直接诱发休息时的羞耻感,1,1,[文件: sub167.txt] “对‘浪费时间’的自我苛责”,sub167.txt,对休息即浪费时间的自我苛责,1.0
勤奋崇拜文化,社会和文化过度推崇勤奋，使个体将休息等同于浪费时间，从而产生羞耻感,1,1,[文件: sub169.txt] “社会和文化对‘勤奋’的过度推崇，导致了一种潜意识的认知，即‘休息就是浪费时间’”,sub169.txt,勤奋崇拜文化,1.0
同辈努力感知压力,在休息时感知到同龄人仍在学习或工作，通过对比产生自己懈怠的负面评价，加剧羞耻感,1,1,[文件: sub169.txt] “甚至会与身边的同龄人比较，感觉别人在学习或工作，而自己却在休息，会进一步加剧这种羞耻感”,sub169.txt,同辈努力感知压力,1.0
就业竞争压力,由于专业对口岗位稀缺和激烈的社会竞争，个体因担忧未来就业前景而在休息时产生羞耻或不安感,1,1,[文件: sub172.txt] “内卷，竞争比较严重，适合本专业的工作岗位较少，担心以后找不到工作”,sub172.txt,就业竞争压力,1.0
应试教育导向下的时间紧迫感,中式教育强调持续学习和刷题，使个体内化“时间必须用于学习”的观念，从而在休息时产生违背规范的不适感,1,1,[文件: sub173.txt] “一是中式教育在初高中的时候就一直教育要抓紧一切时间学习刷题，导致我们一直就只埋头苦学。”,sub173.txt,应试教育导向下的时间紧迫感,1.0
高竞争环境下的不敢松懈心理,严峻的升学与就业压力催生普遍的内卷氛围，个体因害怕落后而不敢休息，将休息视为风险行为,1,1,[文件: sub173.txt] “二是现在升学以及就业形势太严峻，大家压力都很大，不断内卷，谁都不敢放松懈怠。”,sub173.txt,高竞争环境下的不敢松懈心理,1.0
表面努力的压力,个体因身处高度竞争环境中，为维持外在形象或避免被负面评价，而被迫表现出持续努力的状态，即使这种努力缺乏实质内容；这种对“看起来在努力”的执着使个体难以安心休息，从而引发休息羞耻,1,1,[文件: sub174.txt] 大学内卷式的假努力，只是为了迎合人群，或者表面上看起来不那么差,sub174.txt,表面努力的压力,1.0
